use service_bazaar;
delete from User;
delete from Buyer;
delete from BuyerVendor;
delete from Vendor;
	
insert into User values("aamod","aamod",15,70,"aamod","1993-01-01","aamod@cse.iitb.ac.in");
insert into Buyer values("aamod","aamod",15,70,"aamod","1993-01-01","aamod@cse.iitb.ac.in");
insert into Vendor values("aamod","aamod",15,70,"aamod","1993-01-01","aamod@cse.iitb.ac.in",4.5);
insert into BuyerVendor values("aamod","aamod",15,70,"aamod","1993-01-01","aamod@cse.iitb.ac.in",4.5);
insert into User values("abhishekgupta","abhishekgupta",15.1,70.1,"abhishekgupta","1993-01-02","abhishekgupta@cse.iitb.ac.in");
insert into Buyer values("abhishekgupta","abhishekgupta",15.1,70.1,"abhishekgupta","1993-01-02","abhishekgupta@cse.iitb.ac.in");
insert into Vendor values("abhishekgupta","abhishekgupta",15.1,70.1,"abhishekgupta","1993-01-02","abhishekgupta@cse.iitb.ac.in",4.5);
insert into BuyerVendor values("abhishekgupta","abhishekgupta",15.1,70.1,"abhishekgupta","1993-01-02","abhishekgupta@cse.iitb.ac.in",4.5);
insert into User values("adityaraj","adityaraj",15.2,70.2,"adityaraj","1993-01-03","adityaraj@cse.iitb.ac.in");
insert into Buyer values("adityaraj","adityaraj",15.2,70.2,"adityaraj","1993-01-03","adityaraj@cse.iitb.ac.in");
insert into Vendor values("adityaraj","adityaraj",15.2,70.2,"adityaraj","1993-01-03","adityaraj@cse.iitb.ac.in",4.5);
insert into BuyerVendor values("adityaraj","adityaraj",15.2,70.2,"adityaraj","1993-01-03","adityaraj@cse.iitb.ac.in",4.5);
insert into User values("adluke","adluke",15.3,70.3,"adluke","1993-01-04","adluke@cse.iitb.ac.in");
insert into Buyer values("adluke","adluke",15.3,70.3,"adluke","1993-01-04","adluke@cse.iitb.ac.in");
insert into Vendor values("adluke","adluke",15.3,70.3,"adluke","1993-01-04","adluke@cse.iitb.ac.in",4.5);
insert into BuyerVendor values("adluke","adluke",15.3,70.3,"adluke","1993-01-04","adluke@cse.iitb.ac.in",4.5);
insert into User values("anandsoni","anandsoni",15.4,70.4,"anandsoni","1993-01-05","anandsoni@cse.iitb.ac.in");
insert into Buyer values("anandsoni","anandsoni",15.4,70.4,"anandsoni","1993-01-05","anandsoni@cse.iitb.ac.in");
insert into Vendor values("anandsoni","anandsoni",15.4,70.4,"anandsoni","1993-01-05","anandsoni@cse.iitb.ac.in",4.5);
insert into BuyerVendor values("anandsoni","anandsoni",15.4,70.4,"anandsoni","1993-01-05","anandsoni@cse.iitb.ac.in",4.5);
insert into User values("anmolgarg","anmolgarg",15.5,70.5,"anmolgarg","1993-01-06","anmolgarg@cse.iitb.ac.in");
insert into Buyer values("anmolgarg","anmolgarg",15.5,70.5,"anmolgarg","1993-01-06","anmolgarg@cse.iitb.ac.in");
insert into Vendor values("anmolgarg","anmolgarg",15.5,70.5,"anmolgarg","1993-01-06","anmolgarg@cse.iitb.ac.in",4.5);
insert into BuyerVendor values("anmolgarg","anmolgarg",15.5,70.5,"anmolgarg","1993-01-06","anmolgarg@cse.iitb.ac.in",4.5);
insert into User values("anshulp","anshulp",15.6,70.6,"anshulp","1993-01-07","anshulp@cse.iitb.ac.in");
insert into Buyer values("anshulp","anshulp",15.6,70.6,"anshulp","1993-01-07","anshulp@cse.iitb.ac.in");
insert into Vendor values("anshulp","anshulp",15.6,70.6,"anshulp","1993-01-07","anshulp@cse.iitb.ac.in",4.5);
insert into BuyerVendor values("anshulp","anshulp",15.6,70.6,"anshulp","1993-01-07","anshulp@cse.iitb.ac.in",4.5);
insert into User values("arunp","arunp",15.7,70.7,"arunp","1993-01-08","arunp@cse.iitb.ac.in");
insert into Buyer values("arunp","arunp",15.7,70.7,"arunp","1993-01-08","arunp@cse.iitb.ac.in");
insert into Vendor values("arunp","arunp",15.7,70.7,"arunp","1993-01-08","arunp@cse.iitb.ac.in",4.5);
insert into BuyerVendor values("arunp","arunp",15.7,70.7,"arunp","1993-01-08","arunp@cse.iitb.ac.in",4.5);
insert into User values("ashishsonone","ashishsonone",15.8,70.8,"ashishsonone","1993-01-09","ashishsonone@cse.iitb.ac.in");
insert into Buyer values("ashishsonone","ashishsonone",15.8,70.8,"ashishsonone","1993-01-09","ashishsonone@cse.iitb.ac.in");
insert into Vendor values("ashishsonone","ashishsonone",15.8,70.8,"ashishsonone","1993-01-09","ashishsonone@cse.iitb.ac.in",4.5);
insert into BuyerVendor values("ashishsonone","ashishsonone",15.8,70.8,"ashishsonone","1993-01-09","ashishsonone@cse.iitb.ac.in",4.5);
insert into User values("ashu","ashu",15.9,70.9,"ashu","1993-01-10","ashu@cse.iitb.ac.in");
insert into Buyer values("ashu","ashu",15.9,70.9,"ashu","1993-01-10","ashu@cse.iitb.ac.in");
insert into Vendor values("ashu","ashu",15.9,70.9,"ashu","1993-01-10","ashu@cse.iitb.ac.in",4.5);
insert into BuyerVendor values("ashu","ashu",15.9,70.9,"ashu","1993-01-10","ashu@cse.iitb.ac.in",4.5);
insert into User values("astha","astha",16,71,"astha","1993-01-11","astha@cse.iitb.ac.in");
insert into Buyer values("astha","astha",16,71,"astha","1993-01-11","astha@cse.iitb.ac.in");
insert into Vendor values("astha","astha",16,71,"astha","1993-01-11","astha@cse.iitb.ac.in",4.5);
insert into BuyerVendor values("astha","astha",16,71,"astha","1993-01-11","astha@cse.iitb.ac.in",4.5);
insert into User values("avneesh","avneesh",16.1,71.1,"avneesh","1993-01-12","avneesh@cse.iitb.ac.in");
insert into Buyer values("avneesh","avneesh",16.1,71.1,"avneesh","1993-01-12","avneesh@cse.iitb.ac.in");
insert into Vendor values("avneesh","avneesh",16.1,71.1,"avneesh","1993-01-12","avneesh@cse.iitb.ac.in",4.5);
insert into BuyerVendor values("avneesh","avneesh",16.1,71.1,"avneesh","1993-01-12","avneesh@cse.iitb.ac.in",4.5);
insert into User values("bhargava","bhargava",16.2,71.2,"bhargava","1993-01-13","bhargava@cse.iitb.ac.in");
insert into Buyer values("bhargava","bhargava",16.2,71.2,"bhargava","1993-01-13","bhargava@cse.iitb.ac.in");
insert into Vendor values("bhargava","bhargava",16.2,71.2,"bhargava","1993-01-13","bhargava@cse.iitb.ac.in",4.5);
insert into BuyerVendor values("bhargava","bhargava",16.2,71.2,"bhargava","1993-01-13","bhargava@cse.iitb.ac.in",4.5);
insert into User values("brk","brk",16.3,71.3,"brk","1993-01-14","brk@cse.iitb.ac.in");
insert into Buyer values("brk","brk",16.3,71.3,"brk","1993-01-14","brk@cse.iitb.ac.in");
insert into Vendor values("brk","brk",16.3,71.3,"brk","1993-01-14","brk@cse.iitb.ac.in",4.5);
insert into BuyerVendor values("brk","brk",16.3,71.3,"brk","1993-01-14","brk@cse.iitb.ac.in",4.5);
insert into User values("bubbu","bubbu",16.4,71.4,"bubbu","1993-01-15","bubbu@cse.iitb.ac.in");
insert into Buyer values("bubbu","bubbu",16.4,71.4,"bubbu","1993-01-15","bubbu@cse.iitb.ac.in");
insert into Vendor values("bubbu","bubbu",16.4,71.4,"bubbu","1993-01-15","bubbu@cse.iitb.ac.in",4.5);
insert into BuyerVendor values("bubbu","bubbu",16.4,71.4,"bubbu","1993-01-15","bubbu@cse.iitb.ac.in",4.5);
insert into User values("charanteja","charanteja",16.5,71.5,"charanteja","1993-01-16","charanteja@cse.iitb.ac.in");
insert into Buyer values("charanteja","charanteja",16.5,71.5,"charanteja","1993-01-16","charanteja@cse.iitb.ac.in");
insert into Vendor values("charanteja","charanteja",16.5,71.5,"charanteja","1993-01-16","charanteja@cse.iitb.ac.in",4.5);
insert into BuyerVendor values("charanteja","charanteja",16.5,71.5,"charanteja","1993-01-16","charanteja@cse.iitb.ac.in",4.5);
insert into User values("deepali","deepali",16.6,71.6,"deepali","1993-01-17","deepali@cse.iitb.ac.in");
insert into Buyer values("deepali","deepali",16.6,71.6,"deepali","1993-01-17","deepali@cse.iitb.ac.in");
insert into Vendor values("deepali","deepali",16.6,71.6,"deepali","1993-01-17","deepali@cse.iitb.ac.in",4.5);
insert into BuyerVendor values("deepali","deepali",16.6,71.6,"deepali","1993-01-17","deepali@cse.iitb.ac.in",4.5);
insert into User values("devn","devn",16.7,71.7,"devn","1993-01-18","devn@cse.iitb.ac.in");
insert into Buyer values("devn","devn",16.7,71.7,"devn","1993-01-18","devn@cse.iitb.ac.in");
insert into Vendor values("devn","devn",16.7,71.7,"devn","1993-01-18","devn@cse.iitb.ac.in",4.5);
insert into BuyerVendor values("devn","devn",16.7,71.7,"devn","1993-01-18","devn@cse.iitb.ac.in",4.5);
insert into User values("dhanesh","dhanesh",16.8,71.8,"dhanesh","1993-01-19","dhanesh@cse.iitb.ac.in");
insert into Buyer values("dhanesh","dhanesh",16.8,71.8,"dhanesh","1993-01-19","dhanesh@cse.iitb.ac.in");
insert into Vendor values("dhanesh","dhanesh",16.8,71.8,"dhanesh","1993-01-19","dhanesh@cse.iitb.ac.in",4.5);
insert into BuyerVendor values("dhanesh","dhanesh",16.8,71.8,"dhanesh","1993-01-19","dhanesh@cse.iitb.ac.in",4.5);
insert into User values("divyambansal","divyambansal",16.9,71.9,"divyambansal","1993-01-20","divyambansal@cse.iitb.ac.in");
insert into Buyer values("divyambansal","divyambansal",16.9,71.9,"divyambansal","1993-01-20","divyambansal@cse.iitb.ac.in");
insert into Vendor values("divyambansal","divyambansal",16.9,71.9,"divyambansal","1993-01-20","divyambansal@cse.iitb.ac.in",4.5);
insert into BuyerVendor values("divyambansal","divyambansal",16.9,71.9,"divyambansal","1993-01-20","divyambansal@cse.iitb.ac.in",4.5);
insert into User values("geniussm","geniussm",17,72,"geniussm","1993-01-21","geniussm@cse.iitb.ac.in");
insert into Buyer values("geniussm","geniussm",17,72,"geniussm","1993-01-21","geniussm@cse.iitb.ac.in");
insert into Vendor values("geniussm","geniussm",17,72,"geniussm","1993-01-21","geniussm@cse.iitb.ac.in",4.5);
insert into BuyerVendor values("geniussm","geniussm",17,72,"geniussm","1993-01-21","geniussm@cse.iitb.ac.in",4.5);
insert into User values("gmridul","gmridul",17.1,72.1,"gmridul","1993-01-22","gmridul@cse.iitb.ac.in");
insert into Buyer values("gmridul","gmridul",17.1,72.1,"gmridul","1993-01-22","gmridul@cse.iitb.ac.in");
insert into Vendor values("gmridul","gmridul",17.1,72.1,"gmridul","1993-01-22","gmridul@cse.iitb.ac.in",4.5);
insert into BuyerVendor values("gmridul","gmridul",17.1,72.1,"gmridul","1993-01-22","gmridul@cse.iitb.ac.in",4.5);
insert into User values("gunaprsd","gunaprsd",17.2,72.2,"gunaprsd","1993-01-23","gunaprsd@cse.iitb.ac.in");
insert into Buyer values("gunaprsd","gunaprsd",17.2,72.2,"gunaprsd","1993-01-23","gunaprsd@cse.iitb.ac.in");
insert into Vendor values("gunaprsd","gunaprsd",17.2,72.2,"gunaprsd","1993-01-23","gunaprsd@cse.iitb.ac.in",4.5);
insert into BuyerVendor values("gunaprsd","gunaprsd",17.2,72.2,"gunaprsd","1993-01-23","gunaprsd@cse.iitb.ac.in",4.5);
insert into User values("hardik","hardik",17.3,72.3,"hardik","1993-01-24","hardik@cse.iitb.ac.in");
insert into Buyer values("hardik","hardik",17.3,72.3,"hardik","1993-01-24","hardik@cse.iitb.ac.in");
insert into Vendor values("hardik","hardik",17.3,72.3,"hardik","1993-01-24","hardik@cse.iitb.ac.in",4.5);
insert into BuyerVendor values("hardik","hardik",17.3,72.3,"hardik","1993-01-24","hardik@cse.iitb.ac.in",4.5);
insert into User values("harshavardhan","harshavardhan",17.4,72.4,"harshavardhan","1993-01-25","harshavardhan@cse.iitb.ac.in");
insert into Buyer values("harshavardhan","harshavardhan",17.4,72.4,"harshavardhan","1993-01-25","harshavardhan@cse.iitb.ac.in");
insert into Vendor values("harshavardhan","harshavardhan",17.4,72.4,"harshavardhan","1993-01-25","harshavardhan@cse.iitb.ac.in",4.5);
insert into BuyerVendor values("harshavardhan","harshavardhan",17.4,72.4,"harshavardhan","1993-01-25","harshavardhan@cse.iitb.ac.in",4.5);
insert into User values("himanshuroy","himanshuroy",17.5,72.5,"himanshuroy","1993-01-26","himanshuroy@cse.iitb.ac.in");
insert into Buyer values("himanshuroy","himanshuroy",17.5,72.5,"himanshuroy","1993-01-26","himanshuroy@cse.iitb.ac.in");
insert into Vendor values("himanshuroy","himanshuroy",17.5,72.5,"himanshuroy","1993-01-26","himanshuroy@cse.iitb.ac.in",4.5);
insert into BuyerVendor values("himanshuroy","himanshuroy",17.5,72.5,"himanshuroy","1993-01-26","himanshuroy@cse.iitb.ac.in",4.5);
insert into User values("jangavarun","jangavarun",17.6,72.6,"jangavarun","1993-01-27","jangavarun@cse.iitb.ac.in");
insert into Buyer values("jangavarun","jangavarun",17.6,72.6,"jangavarun","1993-01-27","jangavarun@cse.iitb.ac.in");
insert into Vendor values("jangavarun","jangavarun",17.6,72.6,"jangavarun","1993-01-27","jangavarun@cse.iitb.ac.in",4.5);
insert into BuyerVendor values("jangavarun","jangavarun",17.6,72.6,"jangavarun","1993-01-27","jangavarun@cse.iitb.ac.in",4.5);
insert into User values("jaswantkumar","jaswantkumar",17.7,72.7,"jaswantkumar","1993-01-28","jaswantkumar@cse.iitb.ac.in");
insert into Buyer values("jaswantkumar","jaswantkumar",17.7,72.7,"jaswantkumar","1993-01-28","jaswantkumar@cse.iitb.ac.in");
insert into Vendor values("jaswantkumar","jaswantkumar",17.7,72.7,"jaswantkumar","1993-01-28","jaswantkumar@cse.iitb.ac.in",4.5);
insert into BuyerVendor values("jaswantkumar","jaswantkumar",17.7,72.7,"jaswantkumar","1993-01-28","jaswantkumar@cse.iitb.ac.in",4.5);
insert into User values("jeevanlal","jeevanlal",17.8,72.8,"jeevanlal","1993-01-29","jeevanlal@cse.iitb.ac.in");
insert into Buyer values("jeevanlal","jeevanlal",17.8,72.8,"jeevanlal","1993-01-29","jeevanlal@cse.iitb.ac.in");
insert into Vendor values("jeevanlal","jeevanlal",17.8,72.8,"jeevanlal","1993-01-29","jeevanlal@cse.iitb.ac.in",4.5);
insert into BuyerVendor values("jeevanlal","jeevanlal",17.8,72.8,"jeevanlal","1993-01-29","jeevanlal@cse.iitb.ac.in",4.5);
insert into User values("kandarp","kandarp",17.9,72.9,"kandarp","1993-01-30","kandarp@cse.iitb.ac.in");
insert into Buyer values("kandarp","kandarp",17.9,72.9,"kandarp","1993-01-30","kandarp@cse.iitb.ac.in");
insert into Vendor values("kandarp","kandarp",17.9,72.9,"kandarp","1993-01-30","kandarp@cse.iitb.ac.in",4.5);
insert into BuyerVendor values("kandarp","kandarp",17.9,72.9,"kandarp","1993-01-30","kandarp@cse.iitb.ac.in",4.5);
insert into User values("kartikpranav","kartikpranav",18,73,"kartikpranav","1993-01-31","kartikpranav@cse.iitb.ac.in");
insert into Buyer values("kartikpranav","kartikpranav",18,73,"kartikpranav","1993-01-31","kartikpranav@cse.iitb.ac.in");
insert into Vendor values("kartikpranav","kartikpranav",18,73,"kartikpranav","1993-01-31","kartikpranav@cse.iitb.ac.in",4.5);
insert into BuyerVendor values("kartikpranav","kartikpranav",18,73,"kartikpranav","1993-01-31","kartikpranav@cse.iitb.ac.in",4.5);
insert into User values("kirankmr","kirankmr",18.1,73.1,"kirankmr","1993-02-01","kirankmr@cse.iitb.ac.in");
insert into Buyer values("kirankmr","kirankmr",18.1,73.1,"kirankmr","1993-02-01","kirankmr@cse.iitb.ac.in");
insert into Vendor values("kirankmr","kirankmr",18.1,73.1,"kirankmr","1993-02-01","kirankmr@cse.iitb.ac.in",4.5);
insert into BuyerVendor values("kirankmr","kirankmr",18.1,73.1,"kirankmr","1993-02-01","kirankmr@cse.iitb.ac.in",4.5);
insert into User values("kkshitijs","kkshitijs",18.2,73.2,"kkshitijs","1993-02-02","kkshitijs@cse.iitb.ac.in");
insert into Buyer values("kkshitijs","kkshitijs",18.2,73.2,"kkshitijs","1993-02-02","kkshitijs@cse.iitb.ac.in");
insert into Vendor values("kkshitijs","kkshitijs",18.2,73.2,"kkshitijs","1993-02-02","kkshitijs@cse.iitb.ac.in",4.5);
insert into BuyerVendor values("kkshitijs","kkshitijs",18.2,73.2,"kkshitijs","1993-02-02","kkshitijs@cse.iitb.ac.in",4.5);
insert into User values("krsrk","krsrk",18.3,73.3,"krsrk","1993-02-03","krsrk@cse.iitb.ac.in");
insert into Buyer values("krsrk","krsrk",18.3,73.3,"krsrk","1993-02-03","krsrk@cse.iitb.ac.in");
insert into Vendor values("krsrk","krsrk",18.3,73.3,"krsrk","1993-02-03","krsrk@cse.iitb.ac.in",4.5);
insert into BuyerVendor values("krsrk","krsrk",18.3,73.3,"krsrk","1993-02-03","krsrk@cse.iitb.ac.in",4.5);
insert into User values("kumar","kumar",18.4,73.4,"kumar","1993-02-04","kumar@cse.iitb.ac.in");
insert into Buyer values("kumar","kumar",18.4,73.4,"kumar","1993-02-04","kumar@cse.iitb.ac.in");
insert into Vendor values("kumar","kumar",18.4,73.4,"kumar","1993-02-04","kumar@cse.iitb.ac.in",4.5);
insert into BuyerVendor values("kumar","kumar",18.4,73.4,"kumar","1993-02-04","kumar@cse.iitb.ac.in",4.5);
insert into User values("kumarayush","kumarayush",18.5,73.5,"kumarayush","1993-02-05","kumarayush@cse.iitb.ac.in");
insert into Buyer values("kumarayush","kumarayush",18.5,73.5,"kumarayush","1993-02-05","kumarayush@cse.iitb.ac.in");
insert into Vendor values("kumarayush","kumarayush",18.5,73.5,"kumarayush","1993-02-05","kumarayush@cse.iitb.ac.in",4.5);
insert into BuyerVendor values("kumarayush","kumarayush",18.5,73.5,"kumarayush","1993-02-05","kumarayush@cse.iitb.ac.in",4.5);
insert into User values("lahoti","lahoti",18.6,73.6,"lahoti","1993-02-06","lahoti@cse.iitb.ac.in");
insert into Buyer values("lahoti","lahoti",18.6,73.6,"lahoti","1993-02-06","lahoti@cse.iitb.ac.in");
insert into Vendor values("lahoti","lahoti",18.6,73.6,"lahoti","1993-02-06","lahoti@cse.iitb.ac.in",4.5);
insert into BuyerVendor values("lahoti","lahoti",18.6,73.6,"lahoti","1993-02-06","lahoti@cse.iitb.ac.in",4.5);
insert into User values("lell","lell",18.7,73.7,"lell","1993-02-07","lell@cse.iitb.ac.in");
insert into Buyer values("lell","lell",18.7,73.7,"lell","1993-02-07","lell@cse.iitb.ac.in");
insert into Vendor values("lell","lell",18.7,73.7,"lell","1993-02-07","lell@cse.iitb.ac.in",4.5);
insert into BuyerVendor values("lell","lell",18.7,73.7,"lell","1993-02-07","lell@cse.iitb.ac.in",4.5);
insert into User values("manku","manku",18.8,73.8,"manku","1993-02-08","manku@cse.iitb.ac.in");
insert into Buyer values("manku","manku",18.8,73.8,"manku","1993-02-08","manku@cse.iitb.ac.in");
insert into Vendor values("manku","manku",18.8,73.8,"manku","1993-02-08","manku@cse.iitb.ac.in",4.5);
insert into BuyerVendor values("manku","manku",18.8,73.8,"manku","1993-02-08","manku@cse.iitb.ac.in",4.5);
insert into User values("manojtld","manojtld",18.9,73.9,"manojtld","1993-02-09","manojtld@cse.iitb.ac.in");
insert into Buyer values("manojtld","manojtld",18.9,73.9,"manojtld","1993-02-09","manojtld@cse.iitb.ac.in");
insert into Vendor values("manojtld","manojtld",18.9,73.9,"manojtld","1993-02-09","manojtld@cse.iitb.ac.in",4.5);
insert into BuyerVendor values("manojtld","manojtld",18.9,73.9,"manojtld","1993-02-09","manojtld@cse.iitb.ac.in",4.5);
insert into User values("mayankdehgal","mayankdehgal",19,74,"mayankdehgal","1993-02-10","mayankdehgal@cse.iitb.ac.in");
insert into Buyer values("mayankdehgal","mayankdehgal",19,74,"mayankdehgal","1993-02-10","mayankdehgal@cse.iitb.ac.in");
insert into Vendor values("mayankdehgal","mayankdehgal",19,74,"mayankdehgal","1993-02-10","mayankdehgal@cse.iitb.ac.in",4.5);
insert into BuyerVendor values("mayankdehgal","mayankdehgal",19,74,"mayankdehgal","1993-02-10","mayankdehgal@cse.iitb.ac.in",4.5);
insert into User values("meghana","meghana",19.1,74.1,"meghana","1993-02-11","meghana@cse.iitb.ac.in");
insert into Buyer values("meghana","meghana",19.1,74.1,"meghana","1993-02-11","meghana@cse.iitb.ac.in");
insert into Vendor values("meghana","meghana",19.1,74.1,"meghana","1993-02-11","meghana@cse.iitb.ac.in",4.5);
insert into BuyerVendor values("meghana","meghana",19.1,74.1,"meghana","1993-02-11","meghana@cse.iitb.ac.in",4.5);
insert into User values("mehulgoyal","mehulgoyal",19.2,74.2,"mehulgoyal","1993-02-12","mehulgoyal@cse.iitb.ac.in");
insert into Buyer values("mehulgoyal","mehulgoyal",19.2,74.2,"mehulgoyal","1993-02-12","mehulgoyal@cse.iitb.ac.in");
insert into Vendor values("mehulgoyal","mehulgoyal",19.2,74.2,"mehulgoyal","1993-02-12","mehulgoyal@cse.iitb.ac.in",4.5);
insert into BuyerVendor values("mehulgoyal","mehulgoyal",19.2,74.2,"mehulgoyal","1993-02-12","mehulgoyal@cse.iitb.ac.in",4.5);
insert into User values("mohitgupta","mohitgupta",19.3,74.3,"mohitgupta","1993-02-13","mohitgupta@cse.iitb.ac.in");
insert into Buyer values("mohitgupta","mohitgupta",19.3,74.3,"mohitgupta","1993-02-13","mohitgupta@cse.iitb.ac.in");
insert into Vendor values("mohitgupta","mohitgupta",19.3,74.3,"mohitgupta","1993-02-13","mohitgupta@cse.iitb.ac.in",4.5);
insert into BuyerVendor values("mohitgupta","mohitgupta",19.3,74.3,"mohitgupta","1993-02-13","mohitgupta@cse.iitb.ac.in",4.5);
insert into User values("mridul","mridul",19.4,74.4,"mridul","1993-02-14","mridul@cse.iitb.ac.in");
insert into Buyer values("mridul","mridul",19.4,74.4,"mridul","1993-02-14","mridul@cse.iitb.ac.in");
insert into Vendor values("mridul","mridul",19.4,74.4,"mridul","1993-02-14","mridul@cse.iitb.ac.in",4.5);
insert into BuyerVendor values("mridul","mridul",19.4,74.4,"mridul","1993-02-14","mridul@cse.iitb.ac.in",4.5);
insert into User values("navinchandak","navinchandak",19.5,74.5,"navinchandak","1993-02-15","navinchandak@cse.iitb.ac.in");
insert into Buyer values("navinchandak","navinchandak",19.5,74.5,"navinchandak","1993-02-15","navinchandak@cse.iitb.ac.in");
insert into Vendor values("navinchandak","navinchandak",19.5,74.5,"navinchandak","1993-02-15","navinchandak@cse.iitb.ac.in",4.5);
insert into BuyerVendor values("navinchandak","navinchandak",19.5,74.5,"navinchandak","1993-02-15","navinchandak@cse.iitb.ac.in",4.5);
insert into User values("nehal","nehal",19.6,74.6,"nehal","1993-02-16","nehal@cse.iitb.ac.in");
insert into Buyer values("nehal","nehal",19.6,74.6,"nehal","1993-02-16","nehal@cse.iitb.ac.in");
insert into Vendor values("nehal","nehal",19.6,74.6,"nehal","1993-02-16","nehal@cse.iitb.ac.in",4.5);
insert into BuyerVendor values("nehal","nehal",19.6,74.6,"nehal","1993-02-16","nehal@cse.iitb.ac.in",4.5);
insert into User values("neo","neo",19.7,74.7,"neo","1993-02-17","neo@cse.iitb.ac.in");
insert into Buyer values("neo","neo",19.7,74.7,"neo","1993-02-17","neo@cse.iitb.ac.in");
insert into Vendor values("neo","neo",19.7,74.7,"neo","1993-02-17","neo@cse.iitb.ac.in",4.5);
insert into BuyerVendor values("neo","neo",19.7,74.7,"neo","1993-02-17","neo@cse.iitb.ac.in",4.5);
insert into User values("nileshkulkarni","nileshkulkarni",19.8,74.8,"nileshkulkarni","1993-02-18","nileshkulkarni@cse.iitb.ac.in");
insert into Buyer values("nileshkulkarni","nileshkulkarni",19.8,74.8,"nileshkulkarni","1993-02-18","nileshkulkarni@cse.iitb.ac.in");
insert into Vendor values("nileshkulkarni","nileshkulkarni",19.8,74.8,"nileshkulkarni","1993-02-18","nileshkulkarni@cse.iitb.ac.in",4.5);
insert into BuyerVendor values("nileshkulkarni","nileshkulkarni",19.8,74.8,"nileshkulkarni","1993-02-18","nileshkulkarni@cse.iitb.ac.in",4.5);
insert into User values("nishitb","nishitb",19.9,74.9,"nishitb","1993-02-19","nishitb@cse.iitb.ac.in");
insert into Buyer values("nishitb","nishitb",19.9,74.9,"nishitb","1993-02-19","nishitb@cse.iitb.ac.in");
insert into Vendor values("nishitb","nishitb",19.9,74.9,"nishitb","1993-02-19","nishitb@cse.iitb.ac.in",4.5);
insert into BuyerVendor values("nishitb","nishitb",19.9,74.9,"nishitb","1993-02-19","nishitb@cse.iitb.ac.in",4.5);
insert into User values("nithinkumar","nithinkumar",20,75,"nithinkumar","1993-02-20","nithinkumar@cse.iitb.ac.in");
insert into Buyer values("nithinkumar","nithinkumar",20,75,"nithinkumar","1993-02-20","nithinkumar@cse.iitb.ac.in");
insert into Vendor values("nithinkumar","nithinkumar",20,75,"nithinkumar","1993-02-20","nithinkumar@cse.iitb.ac.in",4.5);
insert into BuyerVendor values("nithinkumar","nithinkumar",20,75,"nithinkumar","1993-02-20","nithinkumar@cse.iitb.ac.in",4.5);
insert into User values("nnori","nnori",20.1,75.1,"nnori","1993-02-21","nnori@cse.iitb.ac.in");
insert into Buyer values("nnori","nnori",20.1,75.1,"nnori","1993-02-21","nnori@cse.iitb.ac.in");
insert into Vendor values("nnori","nnori",20.1,75.1,"nnori","1993-02-21","nnori@cse.iitb.ac.in",4.5);
insert into BuyerVendor values("nnori","nnori",20.1,75.1,"nnori","1993-02-21","nnori@cse.iitb.ac.in",4.5);
insert into User values("pratnala","pratnala",20.2,75.2,"pratnala","1993-02-22","pratnala@cse.iitb.ac.in");
insert into Buyer values("pratnala","pratnala",20.2,75.2,"pratnala","1993-02-22","pratnala@cse.iitb.ac.in");
insert into Vendor values("pratnala","pratnala",20.2,75.2,"pratnala","1993-02-22","pratnala@cse.iitb.ac.in",4.5);
insert into BuyerVendor values("pratnala","pratnala",20.2,75.2,"pratnala","1993-02-22","pratnala@cse.iitb.ac.in",4.5);
insert into User values("preetham","preetham",20.3,75.3,"preetham","1993-02-23","preetham@cse.iitb.ac.in");
insert into Buyer values("preetham","preetham",20.3,75.3,"preetham","1993-02-23","preetham@cse.iitb.ac.in");
insert into Vendor values("preetham","preetham",20.3,75.3,"preetham","1993-02-23","preetham@cse.iitb.ac.in",4.5);
insert into BuyerVendor values("preetham","preetham",20.3,75.3,"preetham","1993-02-23","preetham@cse.iitb.ac.in",4.5);
insert into User values("prithvirajbilla","prithvirajbilla",20.4,75.4,"prithvirajbilla","1993-02-24","prithvirajbilla@cse.iitb.ac.in");
insert into Buyer values("prithvirajbilla","prithvirajbilla",20.4,75.4,"prithvirajbilla","1993-02-24","prithvirajbilla@cse.iitb.ac.in");
insert into Vendor values("prithvirajbilla","prithvirajbilla",20.4,75.4,"prithvirajbilla","1993-02-24","prithvirajbilla@cse.iitb.ac.in",4.5);
insert into BuyerVendor values("prithvirajbilla","prithvirajbilla",20.4,75.4,"prithvirajbilla","1993-02-24","prithvirajbilla@cse.iitb.ac.in",4.5);
insert into User values("raghav","raghav",20.5,75.5,"raghav","1993-02-25","raghav@cse.iitb.ac.in");
insert into Buyer values("raghav","raghav",20.5,75.5,"raghav","1993-02-25","raghav@cse.iitb.ac.in");
insert into Vendor values("raghav","raghav",20.5,75.5,"raghav","1993-02-25","raghav@cse.iitb.ac.in",4.5);
insert into BuyerVendor values("raghav","raghav",20.5,75.5,"raghav","1993-02-25","raghav@cse.iitb.ac.in",4.5);
insert into User values("rahuls","rahuls",20.6,75.6,"rahuls","1993-02-26","rahuls@cse.iitb.ac.in");
insert into Buyer values("rahuls","rahuls",20.6,75.6,"rahuls","1993-02-26","rahuls@cse.iitb.ac.in");
insert into Vendor values("rahuls","rahuls",20.6,75.6,"rahuls","1993-02-26","rahuls@cse.iitb.ac.in",4.5);
insert into BuyerVendor values("rahuls","rahuls",20.6,75.6,"rahuls","1993-02-26","rahuls@cse.iitb.ac.in",4.5);
insert into User values("rajlaxmisahu","rajlaxmisahu",20.7,75.7,"rajlaxmisahu","1993-02-27","rajlaxmisahu@cse.iitb.ac.in");
insert into Buyer values("rajlaxmisahu","rajlaxmisahu",20.7,75.7,"rajlaxmisahu","1993-02-27","rajlaxmisahu@cse.iitb.ac.in");
insert into Vendor values("rajlaxmisahu","rajlaxmisahu",20.7,75.7,"rajlaxmisahu","1993-02-27","rajlaxmisahu@cse.iitb.ac.in",4.5);
insert into BuyerVendor values("rajlaxmisahu","rajlaxmisahu",20.7,75.7,"rajlaxmisahu","1993-02-27","rajlaxmisahu@cse.iitb.ac.in",4.5);
insert into User values("reddyvinod","reddyvinod",20.8,75.8,"reddyvinod","1993-02-28","reddyvinod@cse.iitb.ac.in");
insert into Buyer values("reddyvinod","reddyvinod",20.8,75.8,"reddyvinod","1993-02-28","reddyvinod@cse.iitb.ac.in");
insert into Vendor values("reddyvinod","reddyvinod",20.8,75.8,"reddyvinod","1993-02-28","reddyvinod@cse.iitb.ac.in",4.5);
insert into BuyerVendor values("reddyvinod","reddyvinod",20.8,75.8,"reddyvinod","1993-02-28","reddyvinod@cse.iitb.ac.in",4.5);
insert into User values("REMOVED","REMOVED",20.9,75.9,"REMOVED","1993-03-01","REMOVED@cse.iitb.ac.in");
insert into Buyer values("REMOVED","REMOVED",20.9,75.9,"REMOVED","1993-03-01","REMOVED@cse.iitb.ac.in");
insert into Vendor values("REMOVED","REMOVED",20.9,75.9,"REMOVED","1993-03-01","REMOVED@cse.iitb.ac.in",4.5);
insert into BuyerVendor values("REMOVED","REMOVED",20.9,75.9,"REMOVED","1993-03-01","REMOVED@cse.iitb.ac.in",4.5);
insert into User values("rishiraj","rishiraj",21,76,"rishiraj","1993-03-02","rishiraj@cse.iitb.ac.in");
insert into Buyer values("rishiraj","rishiraj",21,76,"rishiraj","1993-03-02","rishiraj@cse.iitb.ac.in");
insert into Vendor values("rishiraj","rishiraj",21,76,"rishiraj","1993-03-02","rishiraj@cse.iitb.ac.in",4.5);
insert into BuyerVendor values("rishiraj","rishiraj",21,76,"rishiraj","1993-03-02","rishiraj@cse.iitb.ac.in",4.5);
insert into User values("rohandas","rohandas",21.1,76.1,"rohandas","1993-03-03","rohandas@cse.iitb.ac.in");
insert into Buyer values("rohandas","rohandas",21.1,76.1,"rohandas","1993-03-03","rohandas@cse.iitb.ac.in");
insert into Vendor values("rohandas","rohandas",21.1,76.1,"rohandas","1993-03-03","rohandas@cse.iitb.ac.in",4.5);
insert into BuyerVendor values("rohandas","rohandas",21.1,76.1,"rohandas","1993-03-03","rohandas@cse.iitb.ac.in",4.5);
insert into User values("rohangyani","rohangyani",21.2,76.2,"rohangyani","1993-03-04","rohangyani@cse.iitb.ac.in");
insert into Buyer values("rohangyani","rohangyani",21.2,76.2,"rohangyani","1993-03-04","rohangyani@cse.iitb.ac.in");
insert into Vendor values("rohangyani","rohangyani",21.2,76.2,"rohangyani","1993-03-04","rohangyani@cse.iitb.ac.in",4.5);
insert into BuyerVendor values("rohangyani","rohangyani",21.2,76.2,"rohangyani","1993-03-04","rohangyani@cse.iitb.ac.in",4.5);
insert into User values("rohanp","rohanp",21.3,76.3,"rohanp","1993-03-05","rohanp@cse.iitb.ac.in");
insert into Buyer values("rohanp","rohanp",21.3,76.3,"rohanp","1993-03-05","rohanp@cse.iitb.ac.in");
insert into Vendor values("rohanp","rohanp",21.3,76.3,"rohanp","1993-03-05","rohanp@cse.iitb.ac.in",4.5);
insert into BuyerVendor values("rohanp","rohanp",21.3,76.3,"rohanp","1993-03-05","rohanp@cse.iitb.ac.in",4.5);
insert into User values("sachinchandra","sachinchandra",21.4,76.4,"sachinchandra","1993-03-06","sachinchandra@cse.iitb.ac.in");
insert into Buyer values("sachinchandra","sachinchandra",21.4,76.4,"sachinchandra","1993-03-06","sachinchandra@cse.iitb.ac.in");
insert into Vendor values("sachinchandra","sachinchandra",21.4,76.4,"sachinchandra","1993-03-06","sachinchandra@cse.iitb.ac.in",4.5);
insert into BuyerVendor values("sachinchandra","sachinchandra",21.4,76.4,"sachinchandra","1993-03-06","sachinchandra@cse.iitb.ac.in",4.5);
insert into User values("sagarjha","sagarjha",21.5,76.5,"sagarjha","1993-03-07","sagarjha@cse.iitb.ac.in");
insert into Buyer values("sagarjha","sagarjha",21.5,76.5,"sagarjha","1993-03-07","sagarjha@cse.iitb.ac.in");
insert into Vendor values("sagarjha","sagarjha",21.5,76.5,"sagarjha","1993-03-07","sagarjha@cse.iitb.ac.in",4.5);
insert into BuyerVendor values("sagarjha","sagarjha",21.5,76.5,"sagarjha","1993-03-07","sagarjha@cse.iitb.ac.in",4.5);
insert into User values("sahil","sahil",21.6,76.6,"sahil","1993-03-08","sahil@cse.iitb.ac.in");
insert into Buyer values("sahil","sahil",21.6,76.6,"sahil","1993-03-08","sahil@cse.iitb.ac.in");
insert into Vendor values("sahil","sahil",21.6,76.6,"sahil","1993-03-08","sahil@cse.iitb.ac.in",4.5);
insert into BuyerVendor values("sahil","sahil",21.6,76.6,"sahil","1993-03-08","sahil@cse.iitb.ac.in",4.5);
insert into User values("saikrishna","saikrishna",21.7,76.7,"saikrishna","1993-03-09","saikrishna@cse.iitb.ac.in");
insert into Buyer values("saikrishna","saikrishna",21.7,76.7,"saikrishna","1993-03-09","saikrishna@cse.iitb.ac.in");
insert into Vendor values("saikrishna","saikrishna",21.7,76.7,"saikrishna","1993-03-09","saikrishna@cse.iitb.ac.in",4.5);
insert into BuyerVendor values("saikrishna","saikrishna",21.7,76.7,"saikrishna","1993-03-09","saikrishna@cse.iitb.ac.in",4.5);
insert into User values("sanchitgarg","sanchitgarg",21.8,76.8,"sanchitgarg","1993-03-10","sanchitgarg@cse.iitb.ac.in");
insert into Buyer values("sanchitgarg","sanchitgarg",21.8,76.8,"sanchitgarg","1993-03-10","sanchitgarg@cse.iitb.ac.in");
insert into Vendor values("sanchitgarg","sanchitgarg",21.8,76.8,"sanchitgarg","1993-03-10","sanchitgarg@cse.iitb.ac.in",4.5);
insert into BuyerVendor values("sanchitgarg","sanchitgarg",21.8,76.8,"sanchitgarg","1993-03-10","sanchitgarg@cse.iitb.ac.in",4.5);
insert into User values("sheetal","sheetal",21.9,76.9,"sheetal","1993-03-11","sheetal@cse.iitb.ac.in");
insert into Buyer values("sheetal","sheetal",21.9,76.9,"sheetal","1993-03-11","sheetal@cse.iitb.ac.in");
insert into Vendor values("sheetal","sheetal",21.9,76.9,"sheetal","1993-03-11","sheetal@cse.iitb.ac.in",4.5);
insert into BuyerVendor values("sheetal","sheetal",21.9,76.9,"sheetal","1993-03-11","sheetal@cse.iitb.ac.in",4.5);
insert into User values("shirishkumar","shirishkumar",22,77,"shirishkumar","1993-03-12","shirishkumar@cse.iitb.ac.in");
insert into Buyer values("shirishkumar","shirishkumar",22,77,"shirishkumar","1993-03-12","shirishkumar@cse.iitb.ac.in");
insert into Vendor values("shirishkumar","shirishkumar",22,77,"shirishkumar","1993-03-12","shirishkumar@cse.iitb.ac.in",4.5);
insert into BuyerVendor values("shirishkumar","shirishkumar",22,77,"shirishkumar","1993-03-12","shirishkumar@cse.iitb.ac.in",4.5);
insert into User values("shital","shital",22.1,77.1,"shital","1993-03-13","shital@cse.iitb.ac.in");
insert into Buyer values("shital","shital",22.1,77.1,"shital","1993-03-13","shital@cse.iitb.ac.in");
insert into Vendor values("shital","shital",22.1,77.1,"shital","1993-03-13","shital@cse.iitb.ac.in",4.5);
insert into BuyerVendor values("shital","shital",22.1,77.1,"shital","1993-03-13","shital@cse.iitb.ac.in",4.5);
insert into User values("shivamh","shivamh",22.2,77.2,"shivamh","1993-03-14","shivamh@cse.iitb.ac.in");
insert into Buyer values("shivamh","shivamh",22.2,77.2,"shivamh","1993-03-14","shivamh@cse.iitb.ac.in");
insert into Vendor values("shivamh","shivamh",22.2,77.2,"shivamh","1993-03-14","shivamh@cse.iitb.ac.in",4.5);
insert into BuyerVendor values("shivamh","shivamh",22.2,77.2,"shivamh","1993-03-14","shivamh@cse.iitb.ac.in",4.5);
insert into User values("shubham","shubham",22.3,77.3,"shubham","1993-03-15","shubham@cse.iitb.ac.in");
insert into Buyer values("shubham","shubham",22.3,77.3,"shubham","1993-03-15","shubham@cse.iitb.ac.in");
insert into Vendor values("shubham","shubham",22.3,77.3,"shubham","1993-03-15","shubham@cse.iitb.ac.in",4.5);
insert into BuyerVendor values("shubham","shubham",22.3,77.3,"shubham","1993-03-15","shubham@cse.iitb.ac.in",4.5);
insert into User values("sid","sid",22.4,77.4,"sid","1993-03-16","sid@cse.iitb.ac.in");
insert into Buyer values("sid","sid",22.4,77.4,"sid","1993-03-16","sid@cse.iitb.ac.in");
insert into Vendor values("sid","sid",22.4,77.4,"sid","1993-03-16","sid@cse.iitb.ac.in",4.5);
insert into BuyerVendor values("sid","sid",22.4,77.4,"sid","1993-03-16","sid@cse.iitb.ac.in",4.5);
insert into User values("sraviroshan","sraviroshan",22.5,77.5,"sraviroshan","1993-03-17","sraviroshan@cse.iitb.ac.in");
insert into Buyer values("sraviroshan","sraviroshan",22.5,77.5,"sraviroshan","1993-03-17","sraviroshan@cse.iitb.ac.in");
insert into Vendor values("sraviroshan","sraviroshan",22.5,77.5,"sraviroshan","1993-03-17","sraviroshan@cse.iitb.ac.in",4.5);
insert into BuyerVendor values("sraviroshan","sraviroshan",22.5,77.5,"sraviroshan","1993-03-17","sraviroshan@cse.iitb.ac.in",4.5);
insert into User values("sriraj","sriraj",22.6,77.6,"sriraj","1993-03-18","sriraj@cse.iitb.ac.in");
insert into Buyer values("sriraj","sriraj",22.6,77.6,"sriraj","1993-03-18","sriraj@cse.iitb.ac.in");
insert into Vendor values("sriraj","sriraj",22.6,77.6,"sriraj","1993-03-18","sriraj@cse.iitb.ac.in",4.5);
insert into BuyerVendor values("sriraj","sriraj",22.6,77.6,"sriraj","1993-03-18","sriraj@cse.iitb.ac.in",4.5);
insert into User values("sskausik","sskausik",22.7,77.7,"sskausik","1993-03-19","sskausik@cse.iitb.ac.in");
insert into Buyer values("sskausik","sskausik",22.7,77.7,"sskausik","1993-03-19","sskausik@cse.iitb.ac.in");
insert into Vendor values("sskausik","sskausik",22.7,77.7,"sskausik","1993-03-19","sskausik@cse.iitb.ac.in",4.5);
insert into BuyerVendor values("sskausik","sskausik",22.7,77.7,"sskausik","1993-03-19","sskausik@cse.iitb.ac.in",4.5);
insert into User values("sudipto","sudipto",22.8,77.8,"sudipto","1993-03-20","sudipto@cse.iitb.ac.in");
insert into Buyer values("sudipto","sudipto",22.8,77.8,"sudipto","1993-03-20","sudipto@cse.iitb.ac.in");
insert into Vendor values("sudipto","sudipto",22.8,77.8,"sudipto","1993-03-20","sudipto@cse.iitb.ac.in",4.5);
insert into BuyerVendor values("sudipto","sudipto",22.8,77.8,"sudipto","1993-03-20","sudipto@cse.iitb.ac.in",4.5);
insert into User values("sushanthiray","sushanthiray",22.9,77.9,"sushanthiray","1993-03-21","sushanthiray@cse.iitb.ac.in");
insert into Buyer values("sushanthiray","sushanthiray",22.9,77.9,"sushanthiray","1993-03-21","sushanthiray@cse.iitb.ac.in");
insert into Vendor values("sushanthiray","sushanthiray",22.9,77.9,"sushanthiray","1993-03-21","sushanthiray@cse.iitb.ac.in",4.5);
insert into BuyerVendor values("sushanthiray","sushanthiray",22.9,77.9,"sushanthiray","1993-03-21","sushanthiray@cse.iitb.ac.in",4.5);
insert into User values("svpraneethnaidu","svpraneethnaidu",23,78,"svpraneethnaidu","1993-03-22","svpraneethnaidu@cse.iitb.ac.in");
insert into Buyer values("svpraneethnaidu","svpraneethnaidu",23,78,"svpraneethnaidu","1993-03-22","svpraneethnaidu@cse.iitb.ac.in");
insert into Vendor values("svpraneethnaidu","svpraneethnaidu",23,78,"svpraneethnaidu","1993-03-22","svpraneethnaidu@cse.iitb.ac.in",4.5);
insert into BuyerVendor values("svpraneethnaidu","svpraneethnaidu",23,78,"svpraneethnaidu","1993-03-22","svpraneethnaidu@cse.iitb.ac.in",4.5);
insert into User values("tanmayr","tanmayr",23.1,78.1,"tanmayr","1993-03-23","tanmayr@cse.iitb.ac.in");
insert into Buyer values("tanmayr","tanmayr",23.1,78.1,"tanmayr","1993-03-23","tanmayr@cse.iitb.ac.in");
insert into Vendor values("tanmayr","tanmayr",23.1,78.1,"tanmayr","1993-03-23","tanmayr@cse.iitb.ac.in",4.5);
insert into BuyerVendor values("tanmayr","tanmayr",23.1,78.1,"tanmayr","1993-03-23","tanmayr@cse.iitb.ac.in",4.5);
insert into User values("tarunkathuria","tarunkathuria",23.2,78.2,"tarunkathuria","1993-03-24","tarunkathuria@cse.iitb.ac.in");
insert into Buyer values("tarunkathuria","tarunkathuria",23.2,78.2,"tarunkathuria","1993-03-24","tarunkathuria@cse.iitb.ac.in");
insert into Vendor values("tarunkathuria","tarunkathuria",23.2,78.2,"tarunkathuria","1993-03-24","tarunkathuria@cse.iitb.ac.in",4.5);
insert into BuyerVendor values("tarunkathuria","tarunkathuria",23.2,78.2,"tarunkathuria","1993-03-24","tarunkathuria@cse.iitb.ac.in",4.5);
insert into User values("tarunraj","tarunraj",23.3,78.3,"tarunraj","1993-03-25","tarunraj@cse.iitb.ac.in");
insert into Buyer values("tarunraj","tarunraj",23.3,78.3,"tarunraj","1993-03-25","tarunraj@cse.iitb.ac.in");
insert into Vendor values("tarunraj","tarunraj",23.3,78.3,"tarunraj","1993-03-25","tarunraj@cse.iitb.ac.in",4.5);
insert into BuyerVendor values("tarunraj","tarunraj",23.3,78.3,"tarunraj","1993-03-25","tarunraj@cse.iitb.ac.in",4.5);
insert into User values("tejasriram","tejasriram",23.4,78.4,"tejasriram","1993-03-26","tejasriram@cse.iitb.ac.in");
insert into Buyer values("tejasriram","tejasriram",23.4,78.4,"tejasriram","1993-03-26","tejasriram@cse.iitb.ac.in");
insert into Vendor values("tejasriram","tejasriram",23.4,78.4,"tejasriram","1993-03-26","tejasriram@cse.iitb.ac.in",4.5);
insert into BuyerVendor values("tejasriram","tejasriram",23.4,78.4,"tejasriram","1993-03-26","tejasriram@cse.iitb.ac.in",4.5);
insert into User values("tpk","tpk",23.5,78.5,"tpk","1993-03-27","tpk@cse.iitb.ac.in");
insert into Buyer values("tpk","tpk",23.5,78.5,"tpk","1993-03-27","tpk@cse.iitb.ac.in");
insert into Vendor values("tpk","tpk",23.5,78.5,"tpk","1993-03-27","tpk@cse.iitb.ac.in",4.5);
insert into BuyerVendor values("tpk","tpk",23.5,78.5,"tpk","1993-03-27","tpk@cse.iitb.ac.in",4.5);
insert into User values("vamsii","vamsii",23.6,78.6,"vamsii","1993-03-28","vamsii@cse.iitb.ac.in");
insert into Buyer values("vamsii","vamsii",23.6,78.6,"vamsii","1993-03-28","vamsii@cse.iitb.ac.in");
insert into Vendor values("vamsii","vamsii",23.6,78.6,"vamsii","1993-03-28","vamsii@cse.iitb.ac.in",4.5);
insert into BuyerVendor values("vamsii","vamsii",23.6,78.6,"vamsii","1993-03-28","vamsii@cse.iitb.ac.in",4.5);
insert into User values("venkateshn","venkateshn",23.7,78.7,"venkateshn","1993-03-29","venkateshn@cse.iitb.ac.in");
insert into Buyer values("venkateshn","venkateshn",23.7,78.7,"venkateshn","1993-03-29","venkateshn@cse.iitb.ac.in");
insert into Vendor values("venkateshn","venkateshn",23.7,78.7,"venkateshn","1993-03-29","venkateshn@cse.iitb.ac.in",4.5);
insert into BuyerVendor values("venkateshn","venkateshn",23.7,78.7,"venkateshn","1993-03-29","venkateshn@cse.iitb.ac.in",4.5);
insert into User values("vibhornaruto","vibhornaruto",23.8,78.8,"vibhornaruto","1993-03-30","vibhornaruto@cse.iitb.ac.in");
insert into Buyer values("vibhornaruto","vibhornaruto",23.8,78.8,"vibhornaruto","1993-03-30","vibhornaruto@cse.iitb.ac.in");
insert into Vendor values("vibhornaruto","vibhornaruto",23.8,78.8,"vibhornaruto","1993-03-30","vibhornaruto@cse.iitb.ac.in",4.5);
insert into BuyerVendor values("vibhornaruto","vibhornaruto",23.8,78.8,"vibhornaruto","1993-03-30","vibhornaruto@cse.iitb.ac.in",4.5);
insert into User values("vikash","vikash",23.9,78.9,"vikash","1993-03-31","vikash@cse.iitb.ac.in");
insert into Buyer values("vikash","vikash",23.9,78.9,"vikash","1993-03-31","vikash@cse.iitb.ac.in");
insert into Vendor values("vikash","vikash",23.9,78.9,"vikash","1993-03-31","vikash@cse.iitb.ac.in",4.5);
insert into BuyerVendor values("vikash","vikash",23.9,78.9,"vikash","1993-03-31","vikash@cse.iitb.ac.in",4.5);
insert into User values("vipulharsh","vipulharsh",24,79,"vipulharsh","1993-04-01","vipulharsh@cse.iitb.ac.in");
insert into Buyer values("vipulharsh","vipulharsh",24,79,"vipulharsh","1993-04-01","vipulharsh@cse.iitb.ac.in");
insert into Vendor values("vipulharsh","vipulharsh",24,79,"vipulharsh","1993-04-01","vipulharsh@cse.iitb.ac.in",4.5);
insert into BuyerVendor values("vipulharsh","vipulharsh",24,79,"vipulharsh","1993-04-01","vipulharsh@cse.iitb.ac.in",4.5);
insert into User values("vipulv","vipulv",24.1,79.1,"vipulv","1993-04-02","vipulv@cse.iitb.ac.in");
insert into Buyer values("vipulv","vipulv",24.1,79.1,"vipulv","1993-04-02","vipulv@cse.iitb.ac.in");
insert into Vendor values("vipulv","vipulv",24.1,79.1,"vipulv","1993-04-02","vipulv@cse.iitb.ac.in",4.5);
insert into BuyerVendor values("vipulv","vipulv",24.1,79.1,"vipulv","1993-04-02","vipulv@cse.iitb.ac.in",4.5);
insert into User values("vivekatulkar","vivekatulkar",24.2,79.2,"vivekatulkar","1993-04-03","vivekatulkar@cse.iitb.ac.in");
insert into Buyer values("vivekatulkar","vivekatulkar",24.2,79.2,"vivekatulkar","1993-04-03","vivekatulkar@cse.iitb.ac.in");
insert into Vendor values("vivekatulkar","vivekatulkar",24.2,79.2,"vivekatulkar","1993-04-03","vivekatulkar@cse.iitb.ac.in",4.5);
insert into BuyerVendor values("vivekatulkar","vivekatulkar",24.2,79.2,"vivekatulkar","1993-04-03","vivekatulkar@cse.iitb.ac.in",4.5);
insert into User values("vivekcse","vivekcse",24.3,79.3,"vivekcse","1993-04-04","vivekcse@cse.iitb.ac.in");
insert into Buyer values("vivekcse","vivekcse",24.3,79.3,"vivekcse","1993-04-04","vivekcse@cse.iitb.ac.in");
insert into Vendor values("vivekcse","vivekcse",24.3,79.3,"vivekcse","1993-04-04","vivekcse@cse.iitb.ac.in",4.5);
insert into BuyerVendor values("vivekcse","vivekcse",24.3,79.3,"vivekcse","1993-04-04","vivekcse@cse.iitb.ac.in",4.5);
insert into User values("vrd","vrd",24.4,79.4,"vrd","1993-04-05","vrd@cse.iitb.ac.in");
insert into Buyer values("vrd","vrd",24.4,79.4,"vrd","1993-04-05","vrd@cse.iitb.ac.in");
insert into Vendor values("vrd","vrd",24.4,79.4,"vrd","1993-04-05","vrd@cse.iitb.ac.in",4.5);
insert into BuyerVendor values("vrd","vrd",24.4,79.4,"vrd","1993-04-05","vrd@cse.iitb.ac.in",4.5);
insert into User values("vvanirudh","vvanirudh",24.5,79.5,"vvanirudh","1993-04-06","vvanirudh@cse.iitb.ac.in");
insert into Buyer values("vvanirudh","vvanirudh",24.5,79.5,"vvanirudh","1993-04-06","vvanirudh@cse.iitb.ac.in");
insert into Vendor values("vvanirudh","vvanirudh",24.5,79.5,"vvanirudh","1993-04-06","vvanirudh@cse.iitb.ac.in",4.5);
insert into BuyerVendor values("vvanirudh","vvanirudh",24.5,79.5,"vvanirudh","1993-04-06","vvanirudh@cse.iitb.ac.in",4.5);
insert into User values("yadavalok","yadavalok",24.6,79.6,"yadavalok","1993-04-07","yadavalok@cse.iitb.ac.in");
insert into Buyer values("yadavalok","yadavalok",24.6,79.6,"yadavalok","1993-04-07","yadavalok@cse.iitb.ac.in");
insert into Vendor values("yadavalok","yadavalok",24.6,79.6,"yadavalok","1993-04-07","yadavalok@cse.iitb.ac.in",4.5);
insert into BuyerVendor values("yadavalok","yadavalok",24.6,79.6,"yadavalok","1993-04-07","yadavalok@cse.iitb.ac.in",4.5);
insert into User values("yeshwanth","yeshwanth",24.7,79.7,"yeshwanth","1993-04-08","yeshwanth@cse.iitb.ac.in");
insert into Buyer values("yeshwanth","yeshwanth",24.7,79.7,"yeshwanth","1993-04-08","yeshwanth@cse.iitb.ac.in");
insert into Vendor values("yeshwanth","yeshwanth",24.7,79.7,"yeshwanth","1993-04-08","yeshwanth@cse.iitb.ac.in",4.5);
insert into BuyerVendor values("yeshwanth","yeshwanth",24.7,79.7,"yeshwanth","1993-04-08","yeshwanth@cse.iitb.ac.in",4.5);
